_id,avatar,comments,content,createdTime,likes,likesList,nackname,nickname,photoesList,publishTime,updatedTime,username,viewList,views
60bda694af129f4abca14e30,http://120.79.157.21/123/1622280599732.jpg,0,落霞与孤鹜齐飞，秋水共长天一色,2021-06-07T04:54:44.347Z,0,"[""123"",""huajiaohuixiang""]",花椒茴香,,[],0001-01-01T00:00:00.000Z,2021-06-07T04:54:44.347Z,123,"[""123"",""123"",""123"",""123"",""123"",""123"",""123"",""123""]",8
60bda907db3cb90af87f1bbf,http://120.79.157.21/123/1622280599732.jpg,1,嘤嘤嘤,2021-06-07T05:05:11.202Z,0,"[""123"",""star"",""huajiaohuixiang""]",花椒茴香,,"[""http://120.79.157.21/123/Screenshot_2021-06-07-11-32-38-767_com.able.wisdomtree.jpg""]",0001-01-01T00:00:00.000Z,2021-06-07T05:05:11.202Z,123,"[""123"",""123"",""123"",""123"",""123"",""123"",""123""]",7
60be0620ed77daa706996392,,5,你的故事需要一个存在密码的盒子,2021-06-07T11:42:24.166Z,0,"[""123"",""huajiaohuixiang"",""star""]",null,,"[""http://120.79.157.21/123/IMG_20210529_115842.jpg""]",0001-01-01T00:00:00.000Z,2021-06-07T11:42:24.166Z,123,"[""123"",""123"",""123"",""123"",""123"",""123"",""123"",""123"",""123"",""123"",""123"",""123"",""123"",""123"",""123"",""123"",""123"",""123"",""123"",""123"",""123"",""123"",""123"",""123"",""123"",""123"",""123"",""123"",""123"",""123"",""123"",""123"",""123"",""123"",""123"",""123"",""123"",""123"",""123"",""123""]",40
60be2d37610e3009572fca64,,0,憨憨小崔,2021-06-07T14:29:11.685Z,0,"[""huajiaohuixiang"",""star"",""VEIGNORUE""]",null,,"[""http://120.79.157.21/huajiaohuixiang/Screenshot_2021-06-06-23-36-26-803_com.tencent.mm.jpg""]",0001-01-01T00:00:00.000Z,2021-06-07T14:29:11.685Z,huajiaohuixiang,"[""huajiaohuixiang""]",1
60be2e7388369dac0f6efa56,,1,傻逼春春,2021-06-07T14:34:27.513Z,0,[],null,,[],0001-01-01T00:00:00.000Z,2021-06-07T14:34:27.513Z,NETS LEVEL,"[""NETS LEVEL"",""NETS LEVEL"",""NETS LEVEL"",""NETS LEVEL"",""NETS LEVEL"",""NETS LEVEL"",""NETS LEVEL"",""NETS LEVEL"",""NETS LEVEL""]",9
60be2f7688369dac0f6efa5f,,1,王乾我爸爸,2021-06-07T14:38:46.960Z,0,"[""huajiaohuixiang"",""VEIGNORUE""]",null,,[],0001-01-01T00:00:00.000Z,2021-06-07T14:38:46.960Z,Sz,"[""Sz"",""Sz"",""Sz"",""Sz"",""Sz"",""Sz"",""Sz"",""Sz"",""Sz"",""Sz"",""Sz""]",11
60be321488369dac0f6efa68,,0,芜湖起飞,2021-06-07T14:49:56.380Z,0,"[""huajiaohuixiang""]",null,,[],0001-01-01T00:00:00.000Z,2021-06-07T14:49:56.380Z,star,"[""star""]",1
60be392988369dac0f6efa6c,,0,呀呀呀呀呀呀,2021-06-07T15:20:09.103Z,0,"[""huajiaohuixiang""]",null,,[],0001-01-01T00:00:00.000Z,2021-06-07T15:20:09.103Z,崔银健,"[""崔银健"",""崔银健""]",2
60bee00888369dac0f6efa76,,2,@huajiaohuixiang,2021-06-08T03:12:08.707Z,0,[],null,,[],0001-01-01T00:00:00.000Z,2021-06-08T03:12:08.707Z,VEIGNORUE,"[""VEIGNORUE"",""VEIGNORUE"",""VEIGNORUE"",""VEIGNORUE"",""VEIGNORUE"",""VEIGNORUE"",""VEIGNORUE"",""VEIGNORUE"",""VEIGNORUE"",""huajiaohuixiang"",""huajiaohuixiang""]",11
60c1d202843cdfb1adb76d8b,/avatar/default.png,0,今天好闷啊,2021-06-10T08:49:06.264Z,0,[],,花椒茴香,[],0001-01-01T00:00:00.000Z,2021-06-10T08:49:06.264Z,huajiaohuixiang,[],0